tourguide,1591090389004 ,2517947600,...
tourguide,1591090392755 ,128451500,...
tourguide,1591090393061 ,42990900,...
tourguide,1591090393245 ,44022900,...
tourguide,1591090393430 ,51439500,...
tourguide,1591090393629 ,65639800,...
tourguide,1591090393852 ,66415400,...
tourguide,1591090394093 ,71142900,...
tourguide,1591090394330 ,57627100,...
tourguide,1591090394561 ,65043100,...
tourguide1,1591090394788 ,112487800,...
tourguide1,1591090395067 ,104808200,...
tourguide1,1591090395353 ,45673800,...
tourguide1,1591090395565 ,43565800,...
tourguide1,1591090395748 ,56667100,...
tourguide1,1591090395954 ,71127000,...
tourguide1,1591090396185 ,39638000,...
tourguide1,1591090396374 ,58876700,...
tourguide1,1591090396567 ,52285800,...
tourguide1,1591090396764 ,66258500,...
busanmovie1,1591090396989 ,50318000,...
busanmovie1,1591090397185 ,42009900,...
busanmovie1,1591090397388 ,61219100,...
busanmovie1,1591090397596 ,57245300,...
busanmovie1,1591090397799 ,37942600,...
busanmovie1,1591090397989 ,56100800,...
busanmovie1,1591090398215 ,37917200,...
busanmovie1,1591090398424 ,65582400,...
busanmovie1,1591090398651 ,38245800,...
busanmovie1,1591090398830 ,56203000,...
busanmovie2,1591090399033 ,54728600,...
busanmovie2,1591090399242 ,44205000,...
busanmovie2,1591090399431 ,48320400,...
busanmovie2,1591090399621 ,44265300,...
busanmovie2,1591090399804 ,58836100,...
busanmovie2,1591090400010 ,34432200,...
busanmovie2,1591090400181 ,56792800,...
busanmovie2,1591090400386 ,57406300,...
busanmovie2,1591090400608 ,49114900,...
busanmovie2,1591090400805 ,53938600,...
busanmovie3,1591090401010 ,53598400,...
busanmovie3,1591090401220 ,49993600,...
busanmovie3,1591090401420 ,149872300,...
busanmovie3,1591090401700 ,246970700,...
busanmovie3,1591090402097 ,56754200,...
busanmovie3,1591090402295 ,44566400,...
busanmovie3,1591090402492 ,43594900,...
busanmovie3,1591090402701 ,40743100,...
busanmovie3,1591090402885 ,33141000,...
busanmovie3,1591090403063 ,54675200,...
busanmovie4,1591090403283 ,54501500,...
busanmovie4,1591090403477 ,39657700,...
busanmovie4,1591090403666 ,163896900,...
busanmovie4,1591090403969 ,240019900,...
busanmovie4,1591090404346 ,32998800,...
busanmovie4,1591090404520 ,53209200,...
busanmovie4,1591090404720 ,29493300,...
busanmovie4,1591090404889 ,44252100,...
busanmovie4,1591090405074 ,41806400,...
busanmovie4,1591090405247 ,38620100,...
busanmovie5,1591090405427 ,46246700,...
busanmovie5,1591090405616 ,51241300,...
busanmovie5,1591090405832 ,62290000,...
busanmovie5,1591090406039 ,53955200,...
busanmovie5,1591090406247 ,47272500,...
busanmovie5,1591090406458 ,36694700,...
busanmovie5,1591090406637 ,53414200,...
busanmovie5,1591090406838 ,48110700,...
busanmovie5,1591090407047 ,36243900,...
busanmovie5,1591090407227 ,58843900,...
busanmovie6,1591090407442 ,38174300,...
busanmovie6,1591090407626 ,40369600,...
busanmovie6,1591090407818 ,149777800,...
busanmovie6,1591090408111 ,94371300,...
busanmovie6,1591090408346 ,40764900,...
busanmovie6,1591090408524 ,45822600,...
busanmovie6,1591090408713 ,53715900,...
busanmovie6,1591090408920 ,44066800,...
busanmovie6,1591090409113 ,59272000,...
busanmovie6,1591090409317 ,53533300,...
koreanhistory,1591090409518 ,38917500,...
koreanhistory,1591090409693 ,58685500,...
koreanhistory,1591090409904 ,62649600,...
koreanhistory,1591090410132 ,59150700,...
koreanhistory,1591090410346 ,42363200,...
koreanhistory,1591090410522 ,58318700,...
koreanhistory,1591090410723 ,59072800,...
koreanhistory,1591090410935 ,33003200,...
koreanhistory,1591090411111 ,59553100,...
koreanhistory,1591090411328 ,49191300,...
koreanhistory1,1591090411511 ,37477500,...
koreanhistory1,1591090411703 ,40580300,...
koreanhistory1,1591090411902 ,61394500,...
koreanhistory1,1591090412113 ,62270600,...
koreanhistory1,1591090412342 ,57765300,...
koreanhistory1,1591090412550 ,54875400,...
koreanhistory1,1591090412746 ,57742700,...
koreanhistory1,1591090412947 ,42894800,...
koreanhistory1,1591090413140 ,58894000,...
koreanhistory1,1591090413351 ,55329300,...
roadkillstatus,1591090413549 ,46698800,...
roadkillstatus,1591090413750 ,56562500,...
roadkillstatus,1591090413950 ,56380100,...
roadkillstatus,1591090414158 ,47611300,...
roadkillstatus,1591090414345 ,56216500,...
roadkillstatus,1591090414547 ,42579900,...
roadkillstatus,1591090414752 ,44743500,...
roadkillstatus,1591090414932 ,40287500,...
roadkillstatus,1591090415123 ,55924000,...
roadkillstatus,1591090415317 ,47581200,...
roadkillstatus1,1591090415493 ,51535500,...
roadkillstatus1,1591090415691 ,37141300,...
roadkillstatus1,1591090415866 ,46049700,...
roadkillstatus1,1591090416058 ,59203400,...
roadkillstatus1,1591090416263 ,56566600,...
roadkillstatus1,1591090416469 ,35557100,...
roadkillstatus1,1591090416643 ,38612200,...
roadkillstatus1,1591090416841 ,35667100,...
roadkillstatus1,1591090417013 ,35917900,...
roadkillstatus1,1591090417185 ,36810800,...
endangeredanimals,1591090417368 ,33706200,...
endangeredanimals,1591090417552 ,37831000,...
endangeredanimals,1591090417720 ,32442300,...
endangeredanimals,1591090417878 ,35975700,...
endangeredanimals,1591090418052 ,34264500,...
endangeredanimals,1591090418223 ,35646800,...
endangeredanimals,1591090418414 ,33171900,...
endangeredanimals,1591090418604 ,31967300,...
endangeredanimals,1591090418776 ,35791800,...
endangeredanimals,1591090418944 ,37602500,...
endangeredanimals1,1591090419109 ,30760400,...
endangeredanimals1,1591090419267 ,33547100,...
endangeredanimals1,1591090419447 ,36576000,...
endangeredanimals1,1591090419614 ,42796300,...
endangeredanimals1,1591090419788 ,31484500,...
endangeredanimals1,1591090419974 ,33419600,...
endangeredanimals1,1591090420142 ,36899300,...
endangeredanimals1,1591090420310 ,36367200,...
endangeredanimals1,1591090420490 ,36290700,...
endangeredanimals1,1591090420654 ,44824000,...
nationalparkstatus,1591090420853 ,47581000,...
nationalparkstatus,1591090421043 ,58132900,...
nationalparkstatus,1591090421242 ,43645200,...
nationalparkstatus,1591090421428 ,37888400,...
nationalparkstatus,1591090421600 ,48243300,...
nationalparkstatus,1591090421786 ,59836600,...
nationalparkstatus,1591090422010 ,39499500,...
nationalparkstatus,1591090422196 ,51617800,...
nationalparkstatus,1591090422393 ,35655100,...
nationalparkstatus,1591090422577 ,43714700,...
nationalparkstatus1,1591090422770 ,51938500,...
nationalparkstatus1,1591090422975 ,55380300,...
nationalparkstatus1,1591090423186 ,38537700,...
nationalparkstatus1,1591090423368 ,50574900,...
nationalparkstatus1,1591090423579 ,46218100,...
nationalparkstatus1,1591090423775 ,33478700,...
nationalparkstatus1,1591090423939 ,56079600,...
nationalparkstatus1,1591090424147 ,60637800,...
nationalparkstatus1,1591090424372 ,44057700,...
nationalparkstatus1,1591090424556 ,57617100,...
research1,1591090424755 ,36888300,...
research1,1591090424953 ,48115000,...
research1,1591090425162 ,50432900,...
research1,1591090425348 ,30867200,...
research1,1591090425536 ,50543800,...
research1,1591090425729 ,53380500,...
research1,1591090425954 ,51180900,...
research1,1591090426147 ,50997300,...
research1,1591090426329 ,50987600,...
research1,1591090426519 ,61505900,...
research2,1591090426725 ,50583300,...
research2,1591090426921 ,50828400,...
research2,1591090427128 ,50954500,...
research2,1591090427320 ,33114000,...
research2,1591090427497 ,36933400,...
research2,1591090427695 ,50108000,...
research2,1591090427898 ,33149700,...
research2,1591090428060 ,34428600,...
research2,1591090428267 ,40046500,...
research2,1591090428455 ,43133600,...
research3,1591090428638 ,27868900,...
research3,1591090428812 ,35597700,...
research3,1591090428984 ,28470000,...
research3,1591090429164 ,34204900,...
research3,1591090429346 ,33531000,...
research3,1591090429509 ,40363800,...
research3,1591090429716 ,51088500,...
research3,1591090429920 ,37492100,...
research3,1591090430117 ,51048800,...
research3,1591090430305 ,39268200,...
research4,1591090430475 ,31895600,...
research4,1591090430659 ,50944200,...
research4,1591090430847 ,39320600,...
research4,1591090431029 ,54163200,...
research4,1591090431215 ,32435400,...
research4,1591090431375 ,47132000,...
research4,1591090431550 ,32732300,...
research4,1591090431718 ,52841600,...
research4,1591090431918 ,51678900,...
research4,1591090432115 ,67155300,...
research5,1591090432328 ,50326800,...
research5,1591090432527 ,37463100,...
research5,1591090432704 ,36706900,...
research5,1591090432890 ,49252000,...
research5,1591090433098 ,50409100,...
research5,1591090433298 ,55318600,...
research5,1591090433520 ,37301300,...
research5,1591090433706 ,46583300,...
research5,1591090433897 ,49607000,...
research5,1591090434095 ,53731800,...
research6,1591090434298 ,49554500,...
research6,1591090434491 ,30040200,...
research6,1591090434661 ,38407000,...
research6,1591090434843 ,37985700,...
research6,1591090435039 ,41843800,...
research6,1591090435238 ,50089100,...
research6,1591090435426 ,41210000,...
research6,1591090435611 ,36716800,...
research6,1591090435800 ,34009200,...
research6,1591090435961 ,38996800,...
research7,1591090436141 ,49548400,...
research7,1591090436336 ,49869400,...
research7,1591090436547 ,49640000,...
research7,1591090436763 ,53638500,...
research7,1591090436944 ,41655800,...
research7,1591090437128 ,43753800,...
research7,1591090437324 ,51183400,...
research7,1591090437515 ,49901800,...
research7,1591090437702 ,32502400,...
research7,1591090437887 ,54666300,...
research8,1591090438077 ,39066900,...
research8,1591090438253 ,45461900,...
research8,1591090438447 ,41220300,...
research8,1591090438631 ,53292500,...
research8,1591090438838 ,42134000,...
research8,1591090439023 ,46082800,...
research8,1591090439221 ,52026400,...
research8,1591090439441 ,45183000,...
research8,1591090439620 ,38670200,...
research8,1591090439802 ,50438900,...
research9,1591090440014 ,37511800,...
research9,1591090440191 ,40416400,...
research9,1591090440380 ,50372800,...
research9,1591090440575 ,50346600,...
research9,1591090440781 ,47204600,...
research9,1591090440964 ,37795300,...
research9,1591090441142 ,43729700,...
research9,1591090441326 ,50047300,...
research9,1591090441522 ,51597100,...
research9,1591090441727 ,39818400,...
research10,1591090441905 ,49917100,...
research10,1591090442110 ,33411700,...
research10,1591090442292 ,34895100,...
research10,1591090442485 ,44559500,...
research10,1591090442675 ,50882300,...
research10,1591090442889 ,46351000,...
research10,1591090443083 ,37753400,...
research10,1591090443268 ,53493200,...
research10,1591090443473 ,49243200,...
research10,1591090443679 ,50427200,...
