busanmovie3,1592324702997,2091580300,...
busanmovie6,1592324706150,57137300,...
busanmovie2,1592324706460,88587200,...
busanmovie5,1592324706787,63388800,...
busanmovie9,1592324707150,74762900,...
busanmovie4,1592324707518,66502900,...
busanmovie2,1592324707867,30715300,...
busanmovie2,1592324708178,74492200,...
busanmovie5,1592324708546,64271400,...
busanmovie3,1592324708908,61590200,...
busanmovie1,1592324709274,65078700,...
busanfestival,1592324709631,82086800,...
busanmovie2,1592324710011,66758800,...
busanmovie5,1592324710311,30877700,...
research10,1592324710477,30186300,...
busanmovie1,1592324710655,32249500,...
busanmovie6,1592324710827,29090700,...
busanmovie2,1592324710991,31399800,...
busanmovie5,1592324711166,33335700,...
TouristAtt,1592324711358,38283300,...
busanmovie1,1592324711534,34761800,...
busanmovie2,1592324711703,29184400,...
busanmovie7,1592324711877,28883900,...
busanmovie5,1592324712061,29016300,...
busanmovie4,1592324712241,88443100,...
busanmovie1,1592324712482,28767700,...
busanmovie2,1592324712638,32327700,...
busanmovie2,1592324712807,30283000,...
busanmovie5,1592324712975,29114600,...
busanmovie7,1592324713154,167860500,...
busanmovie3,1592324713468,30479400,...
busanmovie2,1592324713638,28521900,...
busanmovie7,1592324713811,30207800,...
busanmovie5,1592324713982,29307100,...
busanmovie3,1592324714139,29489800,...
busanmovie4,1592324714323,30798400,...
busanmovie6,1592324714502,156418200,...
busanmovie2,1592324714788,35763900,...
busanmovie5,1592324714970,30865300,...
busanmovie5,1592324715139,31490400,...
busanmovie1,1592324715321,28820800,...
busanmovie2,1592324715489,34176900,...
busanmovie3,1592324715656,29415300,...
busanmovie7,1592324715847,93720700,...
busanmovie5,1592324716079,26498400,...
busanmovie1,1592324716255,29216200,...
busanmovie6,1592324716424,98812500,...
busanmovie2,1592324716673,28592300,...
busanmovie5,1592324716830,34720200,...
research10,1592324717001,28675900,...
busanmovie1,1592324717173,32335600,...
busanmovie2,1592324717345,30161800,...
busanmovie5,1592324717507,29907200,...
RecommendTour1,1592324717675,40875300,...
busanmovie5,1592324717849,28848900,...
busanmovie1,1592324718016,29554500,...
busanmovie6,1592324718193,28503600,...
busanmovie5,1592324718362,26451400,...
busanmovie9,1592324718547,27783900,...
busanmovie2,1592324718705,28839000,...
busanmovie3,1592324718875,27079800,...
busanmovie8,1592324719049,30282900,...
busanmovie5,1592324719231,30044700,...
busanmovie7,1592324719392,27361300,...
busanmovie3,1592324719568,29287900,...
busanmovie4,1592324719741,28573900,...
busanmovie2,1592324719899,30006400,...
busanmovie3,1592324720080,27846000,...
busanmovie5,1592324720247,29416400,...
busanmovie9,1592324720421,32484000,...
busanmovie1,1592324720587,29153100,...
busanmovie2,1592324720770,31101700,...
busanmovie5,1592324720959,27700200,...
busanplace,1592324721139,75561900,...
busanmovie5,1592324721355,30026100,...
busanmovie1,1592324721524,29464900,...
busanmovie6,1592324721692,29338500,...
busanmovie2,1592324721865,27782400,...
busanmovie5,1592324722025,27910900,...
busanmovie3,1592324722188,120158100,...
busanmovie1,1592324722445,31423400,...
busanmovie2,1592324722617,29266900,...
busanmovie5,1592324722787,29318900,...
busanmovie4,1592324722962,29216800,...
busanmovie5,1592324723137,30467400,...
busanmovie1,1592324723301,30231500,...
busanmovie2,1592324723489,24428800,...
busanmovie5,1592324723676,29415900,...
busanmovie7,1592324723833,31945500,...
busanmovie9,1592324723999,30993300,...
busanmovie3,1592324724156,29842100,...
busanmovie6,1592324724330,29578500,...
busanmovie5,1592324724508,29861500,...
research10,1592324724667,27930600,...
busanmovie5,1592324724851,28344200,...
busanmovie4,1592324725018,30258400,...
busanmovie2,1592324725186,28541800,...
busanmovie5,1592324725363,37563200,...
busanmovie5,1592324725539,29458900,...
busanmovie4,1592324725699,29843000,...
busanmovie1,1592324725865,28165800,...
busanmovie6,1592324726029,29279500,...
busanmovie2,1592324726193,32543200,...
busanmovie3,1592324726365,74366600,...
busanmovie5,1592324726576,28602800,...
busanmovie1,1592324726740,29723300,...
busanmovie2,1592324726911,28675200,...
busanmovie2,1592324727064,28116700,...
busanmovie5,1592324727235,28064600,...
MusicDance1,1592324727393,141079800,...
busanmovie1,1592324727663,31841600,...
busanfestival,1592324727842,40410800,...
busanmovie2,1592324728032,33764200,...
busanmovie4,1592324728219,32229000,...
research10,1592324728385,29565000,...
busanmovie1,1592324728543,33496800,...
busanmovie6,1592324728707,32051000,...
busanmovie2,1592324728878,32757700,...
busanmovie5,1592324729066,31922600,...
research10,1592324729229,33070700,...
busanmovie3,1592324729392,32572100,...
busanmovie2,1592324729560,33878100,...
busanmovie7,1592324729731,32486700,...
busanmovie3,1592324729893,34206300,...
busanmovie5,1592324730082,34781300,...
busanmovie4,1592324730244,30785800,...
busanmovie2,1592324730415,31131100,...
busanmovie2,1592324730599,32319000,...
busanmovie4,1592324730767,31049900,...
busanmovie7,1592324730926,212739800,...
busanmovie1,1592324731276,31335200,...
busanmovie2,1592324731455,29804500,...
busanmovie7,1592324731620,30811500,...
busanmovie5,1592324731800,32318300,...
busanmovie3,1592324731982,32390600,...
busanmovie1,1592324732164,32730600,...
busanmovie6,1592324732333,139006600,...
busanmovie2,1592324732626,31870200,...
busanmovie8,1592324732783,31546900,...
busanmovie5,1592324732946,31590000,...
busanmovie1,1592324733109,33672300,...
busanmovie2,1592324733292,32520300,...
busanmovie3,1592324733455,32249300,...
busanmovie7,1592324733635,94712300,...
busanmovie4,1592324733858,30101200,...
busanmovie1,1592324734027,31365500,...
busanmovie6,1592324734195,108166600,...
busanmovie2,1592324734448,32304600,...
research10,1592324734609,37934100,...
busanmovie4,1592324734790,29986000,...
busanmovie3,1592324734975,32383400,...
busanmovie2,1592324735160,31615300,...
busanmovie4,1592324735333,63670800,...
busanmovie5,1592324735544,31587900,...
RecommendTour1,1592324735717,35086800,...
busanmovie4,1592324735887,30117500,...
busanmovie6,1592324736055,32777400,...
busanmovie5,1592324736226,31201300,...
busanmovie8,1592324736415,34562500,...
busanmovie2,1592324736595,33097400,...
busanmovie1,1592324736765,32451400,...
busanmovie5,1592324736927,30884800,...
research10,1592324737093,25620500,...
busanmovie7,1592324737278,30627300,...
busanmovie3,1592324737435,31791500,...
busanmovie1,1592324737597,31422500,...
busanmovie2,1592324737776,28901000,...
busanmovie2,1592324737955,28679200,...
busanmovie5,1592324738110,33646800,...
research10,1592324738284,31119200,...
busanmovie1,1592324738460,31102200,...
busanmovie2,1592324738638,33911500,...
busanmovie8,1592324738807,30843500,...
busanmovie5,1592324738979,29608200,...
busanmovie9,1592324739140,29642800,...
busanmovie1,1592324739310,31223800,...
busanmovie6,1592324739473,30852000,...
busanmovie2,1592324739641,31477800,...
busanmovie5,1592324739811,30115100,...
busanmovie4,1592324739966,79398300,...
busanmovie3,1592324740178,29557100,...
busanmovie2,1592324740329,32007400,...
busanplace,1592324740496,71306300,...
busanmovie5,1592324740711,33002800,...
busanmovie3,1592324740902,32102400,...
busanmovie4,1592324741064,29995800,...
busanmovie2,1592324741229,31086400,...
research10,1592324741387,29128100,...
busanmovie7,1592324741553,32825100,...
TouristAtt,1592324741725,38757300,...
busanmovie1,1592324741905,31678800,...
busanmovie6,1592324742077,38826900,...
busanmovie4,1592324742245,31696800,...
busanmovie5,1592324742412,31510500,...
busanmovie8,1592324742582,31584200,...
busanmovie1,1592324742747,31715700,...
busanmovie2,1592324742920,33034100,...
research10,1592324743089,30253600,...
busanmovie5,1592324743266,31880200,...
busanmovie4,1592324743451,30645400,...
busanmovie3,1592324743627,32290600,...
busanmovie6,1592324743784,30465000,...
busanmovie2,1592324743952,32326600,...
research10,1592324744123,29094700,...
busanmovie3,1592324744283,28013400,...
busanmovie4,1592324744460,32699700,...
busanmovie2,1592324744619,30520800,...
busanmovie2,1592324744795,31368600,...
busanmovie4,1592324744970,33115400,...
busanmovie8,1592324745143,32577200,...
busanmovie1,1592324745319,29767000,...
busanfestival,1592324745497,37957700,...
busanmovie2,1592324745685,31584300,...
busanmovie5,1592324745855,29542200,...
busanmovie5,1592324746018,30746300,...
busanmovie1,1592324746186,32250400,...
busanmovie6,1592324746347,30498600,...
busanmovie2,1592324746517,31092000,...
busanmovie9,1592324746699,30078000,...
busanmovie3,1592324746869,31762100,...
busanmovie1,1592324747036,31105300,...
busanmovie2,1592324747201,31978400,...
busanmovie7,1592324747379,26779100,...
busanmovie4,1592324747548,29345200,...
busanmovie5,1592324747709,29877400,...
busanmovie1,1592324747863,28754900,...
busanmovie2,1592324748031,33406000,...
busanmovie2,1592324748194,31908500,...
busanmovie9,1592324748354,30514600,...
busanmovie7,1592324748512,165680300,...
busanmovie3,1592324748820,29783700,...
busanmovie2,1592324748979,31269300,...
busanmovie7,1592324749160,31943100,...
busanmovie5,1592324749323,32424100,...
busanmovie8,1592324749495,171976400,...
busanmovie4,1592324749795,33198200,...
busanmovie6,1592324749957,112252600,...
busanmovie2,1592324750220,32734700,...
busanmovie5,1592324750396,31517600,...
busanmovie5,1592324750556,28156700,...
busanmovie1,1592324750714,33046400,...
busanmovie2,1592324750882,31562800,...
busanmovie3,1592324751045,32659400,...
busanmovie7,1592324751219,97864400,...
busanmovie3,1592324751474,146810600,...
busanmovie1,1592324751754,30548700,...
busanmovie6,1592324751926,105542600,...
busanmovie2,1592324752156,29954700,...
research10,1592324752323,30071600,...
busanmovie5,1592324752481,32940900,...
busanmovie1,1592324752671,31213500,...
busanmovie2,1592324752836,32162600,...
busanmovie4,1592324753007,32680400,...
RecommendTour1,1592324753181,37809600,...
busanmovie5,1592324753345,33803000,...
busanmovie1,1592324753529,27946700,...
busanmovie6,1592324753707,33265900,...
busanmovie4,1592324753866,28443100,...
busanmovie5,1592324754049,26019400,...
busanmovie2,1592324754232,32987000,...
busanmovie3,1592324754395,41493800,...
busanmovie3,1592324754573,77561800,...
busanmovie4,1592324754811,78469000,...
busanmovie7,1592324755032,31171500,...
busanmovie1,1592324755211,32387100,...
busanmovie4,1592324755371,32091900,...
busanmovie2,1592324755536,32523900,...
busanmovie5,1592324755706,33718300,...
busanmovie9,1592324755898,31075500,...
busanmovie4,1592324756055,33788800,...
busanmovie1,1592324756221,31817900,...
busanmovie2,1592324756391,32997500,...
busanfestival,1592324756561,38287100,...
research10,1592324756727,31282900,...
busanmovie3,1592324756899,28543600,...
busanmovie1,1592324757065,28092100,...
busanmovie6,1592324757228,31253700,...
busanmovie2,1592324757399,30383800,...
busanmovie5,1592324757565,33358800,...
busanmovie4,1592324757743,28948000,...
busanmovie1,1592324757898,29427700,...
busanmovie2,1592324758056,32130500,...
busanmovie2,1592324758229,31548400,...
busanmovie5,1592324758411,31616800,...
busanmovie9,1592324758569,31926000,...
busanmovie1,1592324758738,33240400,...
busanmovie2,1592324758914,32511000,...
busanmovie3,1592324759103,30150400,...
busanmovie7,1592324759262,34742800,...
busanmovie9,1592324759432,31033900,...
busanmovie3,1592324759608,34174400,...
busanmovie6,1592324759769,32729800,...
busanmovie4,1592324759945,32098300,...
busanmovie5,1592324760105,29285700,...
busanmovie8,1592324760256,30593900,...
busanmovie4,1592324760436,31589800,...
busanmovie2,1592324760622,32206500,...
busanplace,1592324760781,72531400,...
research10,1592324760978,30247900,...
busanmovie5,1592324761143,31290400,...
busanmovie1,1592324761302,32908400,...
busanmovie6,1592324761469,32348000,...
busanmovie2,1592324761639,33995900,...
busanmovie5,1592324761802,31079000,...
TouristAtt,1592324761970,38382300,...
busanmovie1,1592324762136,31399900,...
busanmovie2,1592324762307,32633000,...
busanmovie2,1592324762474,32114100,...
busanmovie8,1592324762635,32235100,...
busanmovie5,1592324762804,31583300,...
busanmovie1,1592324762985,32105300,...
busanfestival,1592324763153,40746200,...
busanmovie2,1592324763335,30571800,...
busanmovie3,1592324763493,31573400,...
busanmovie5,1592324763650,32417100,...
busanmovie1,1592324763834,30834500,...
busanmovie6,1592324764003,31794300,...
busanmovie2,1592324764166,32049500,...
busanmovie4,1592324764335,31028100,...
research10,1592324764520,30847100,...
busanmovie3,1592324764690,32355700,...
busanmovie2,1592324764860,33078800,...
busanmovie7,1592324765019,29800800,...
busanmovie5,1592324765199,31448700,...
busanplace,1592324765381,69039900,...
busanmovie4,1592324765587,30929000,...
busanmovie2,1592324765760,31389500,...
busanmovie2,1592324765943,31095800,...
busanmovie4,1592324766111,32041100,...
busanmovie7,1592324766270,176186100,...
busanmovie1,1592324766574,27087000,...
busanmovie2,1592324766751,30256800,...
busanmovie7,1592324766918,30718800,...
busanmovie3,1592324767078,31061100,...
research10,1592324767243,32125600,...
busanmovie1,1592324767402,32434000,...
busanmovie6,1592324767560,125070700,...
busanmovie2,1592324767842,30797700,...
busanmovie8,1592324768007,31150900,...
busanmovie4,1592324768172,25864500,...
busanmovie1,1592324768334,33541700,...
busanmovie2,1592324768510,30275800,...
busanmovie5,1592324768674,33070200,...
busanmovie7,1592324768837,93481700,...
busanmovie7,1592324769072,29470700,...
busanmovie1,1592324769243,30852800,...
busanmovie6,1592324769415,103279100,...
busanmovie2,1592324769657,29360200,...
busanmovie3,1592324769812,31229700,...
busanmovie5,1592324769974,32578000,...
busanmovie3,1592324770133,30932700,...
busanmovie2,1592324770315,29154400,...
busanmovie5,1592324770480,32371300,...
busanmovie9,1592324770639,93642100,...
RecommendTour1,1592324770872,33837100,...
busanmovie4,1592324771057,31432500,...
busanmovie6,1592324771248,29053200,...
research10,1592324771433,30852500,...
busanmovie4,1592324771598,30883600,...
busanmovie2,1592324771769,31048500,...
busanmovie1,1592324771925,30126800,...
busanmovie3,1592324772097,33734100,...
busanmovie5,1592324772282,32248300,...
busanmovie7,1592324772442,30104200,...
busanmovie5,1592324772596,30499800,...
busanmovie1,1592324772765,28333500,...
busanmovie2,1592324772927,28492800,...
busanmovie8,1592324773085,36382800,...
busanmovie5,1592324773267,30913400,...
busanmovie3,1592324773424,34437700,...
busanmovie1,1592324773591,31192700,...
busanmovie2,1592324773762,36759800,...
busanmovie3,1592324773952,31418500,...
busanmovie4,1592324774117,34896800,...
busanmovie5,1592324774287,33116500,...
busanmovie1,1592324774470,30767400,...
busanmovie6,1592324774624,32040400,...
busanmovie2,1592324774794,33429100,...
busanmovie8,1592324774968,31501500,...
busanmovie3,1592324775135,145955300,...
busanmovie3,1592324775436,30696400,...
busanmovie2,1592324775595,31109000,...
busanmovie5,1592324775763,32763100,...
busanmovie4,1592324775929,33193500,...
busanmovie5,1592324776104,30814000,...
busanmovie4,1592324776285,31429500,...
busanmovie2,1592324776444,33055000,...
TouristAtt,1592324776607,41806900,...
busanmovie7,1592324776784,32189500,...
busanmovie3,1592324776945,32528100,...
busanmovie1,1592324777118,32231200,...
busanmovie6,1592324777289,34031000,...
busanmovie5,1592324777464,33911500,...
busanmovie3,1592324777625,31990200,...
research10,1592324777802,30183400,...
busanmovie1,1592324777969,32192900,...
busanmovie2,1592324778133,30014900,...
busanmovie5,1592324778299,32731500,...
busanmovie4,1592324778460,31311700,...
busanmovie5,1592324778640,34142500,...
busanmovie3,1592324778807,31095800,...
busanmovie6,1592324778978,31060700,...
busanmovie2,1592324779147,30779800,...
busanmovie5,1592324779313,30776500,...
busanmovie3,1592324779469,30625500,...
busanmovie4,1592324779652,29404500,...
busanmovie2,1592324779811,31059700,...
busanmovie2,1592324779983,33984900,...
busanmovie5,1592324780176,28779200,...
TouristAtt,1592324780339,36922300,...
busanmovie1,1592324780518,31730900,...
busanfestival,1592324780699,38375300,...
busanmovie2,1592324780877,33073800,...
busanmovie5,1592324781057,33123500,...
research10,1592324781233,29098300,...
busanmovie1,1592324781391,26811600,...
busanmovie6,1592324781549,30507800,...
busanmovie2,1592324781714,28199500,...
busanmovie5,1592324781873,29329200,...
busanmovie4,1592324782057,29663700,...
busanmovie1,1592324782212,27962500,...
busanmovie2,1592324782382,24621200,...
busanmovie7,1592324782532,27469000,...
busanmovie5,1592324782699,26460200,...
busanmovie3,1592324782858,27310500,...
busanmovie1,1592324783028,27808800,...
busanmovie2,1592324783208,28478100,...
busanmovie2,1592324783387,27072000,...
busanmovie5,1592324783573,26910300,...
busanmovie7,1592324783744,139539300,...
busanmovie3,1592324784029,28703700,...
busanmovie2,1592324784206,27191900,...
busanmovie7,1592324784360,27469000,...
busanmovie5,1592324784519,27302500,...
busanmovie8,1592324784674,30662600,...
busanmovie4,1592324784839,28753100,...
busanmovie6,1592324785008,115794300,...
busanmovie2,1592324785276,27307600,...
busanmovie5,1592324785456,30405200,...
busanmovie3,1592324785609,25170400,...
busanmovie1,1592324785769,27889300,...
busanmovie2,1592324785932,27113300,...
busanmovie5,1592324786112,26814900,...
busanmovie7,1592324786291,94443200,...
busanmovie5,1592324786524,28223000,...
busanmovie1,1592324786688,27533600,...
busanmovie6,1592324786855,100169200,...
busanmovie2,1592324787092,26814800,...
busanmovie5,1592324787251,29130800,...
research10,1592324787422,29317900,...
busanmovie1,1592324787609,29325000,...
busanmovie2,1592324787764,29125300,...
busanmovie5,1592324787926,22855900,...
RecommendTour1,1592324788083,29180900,...
busanmovie5,1592324788262,28111100,...
busanmovie1,1592324788431,28084400,...
busanmovie6,1592324788597,27767800,...
busanmovie5,1592324788766,23537600,...
busanmovie3,1592324788927,117523200,...
busanmovie2,1592324789176,29177300,...
busanmovie3,1592324789340,25120700,...
busanmovie4,1592324789510,77318300,...
busanmovie5,1592324789715,27410100,...
busanmovie7,1592324789869,27183300,...
MusicDance1,1592324790032,119715800,...
busanmovie4,1592324790286,27987100,...
busanmovie2,1592324790468,26719500,...
busanmovie3,1592324790625,73957900,...
busanmovie5,1592324790826,28936600,...
busanmovie4,1592324790984,27556100,...
busanmovie1,1592324791147,28310800,...
busanmovie2,1592324791327,28428100,...
busanmovie5,1592324791493,29554600,...
busanplace,1592324791659,65795400,...
busanmovie5,1592324791858,25951600,...
busanmovie1,1592324792009,28946000,...
busanmovie6,1592324792176,29190600,...
busanmovie2,1592324792335,28302300,...
busanmovie5,1592324792521,28938200,...
busanmovie8,1592324792695,146406400,...
busanmovie1,1592324792968,29499600,...
busanmovie2,1592324793119,29001300,...
busanmovie5,1592324793273,30026300,...
busanmovie3,1592324793428,28201200,...
busanmovie5,1592324793583,26966700,...
busanmovie1,1592324793745,26492000,...
busanmovie2,1592324793894,28449200,...
busanmovie5,1592324794062,28450700,...
busanmovie7,1592324794237,30809300,...
busanmovie4,1592324794404,27975900,...
busanmovie3,1592324794586,27970000,...
busanmovie6,1592324794744,28421300,...
busanmovie5,1592324794904,28431200,...
research10,1592324795077,25738300,...
busanmovie5,1592324795243,28162800,...
busanmovie4,1592324795420,29108900,...
busanmovie2,1592324795602,28173800,...
busanmovie5,1592324795762,30375000,...
busanmovie5,1592324795926,28259900,...
busanmovie3,1592324796097,87785500,...
busanmovie1,1592324796323,28148600,...
busanmovie6,1592324796487,29196500,...
busanmovie2,1592324796645,29435800,...
busanmovie8,1592324796805,26249200,...
busanmovie5,1592324796959,28069800,...
busanmovie1,1592324797142,27749800,...
busanmovie2,1592324797305,27809500,...
busanmovie2,1592324797462,27487800,...
busanmovie5,1592324797617,26170600,...
busanmovie3,1592324797787,28404200,...
busanmovie1,1592324797948,31910500,...
busanfestival,1592324798135,37684100,...
busanmovie2,1592324798296,30871000,...
busanmovie4,1592324798470,28913200,...
research10,1592324798637,27349800,...
busanmovie1,1592324798800,37247500,...
busanmovie6,1592324798984,26926600,...
busanmovie2,1592324799139,27805900,...
busanmovie5,1592324799303,30536300,...
research10,1592324799468,27995000,...
busanmovie3,1592324799621,28328400,...
busanmovie2,1592324799789,27434900,...
busanmovie7,1592324799947,29050700,...
busanmovie4,1592324800113,26959800,...
busanmovie5,1592324800276,26951100,...
busanmovie4,1592324800425,28209800,...
busanmovie2,1592324800590,27395900,...
busanmovie2,1592324800755,27366500,...
busanmovie3,1592324800916,27281500,...
busanmovie7,1592324801091,138633400,...
busanmovie1,1592324801380,25335200,...
busanmovie2,1592324801537,25981700,...
busanmovie7,1592324801697,27826800,...
busanmovie5,1592324801859,28034500,...
busanmovie9,1592324802023,30834300,...
busanmovie1,1592324802198,29826100,...
busanmovie6,1592324802360,103401800,...
busanmovie2,1592324802604,28278500,...
busanmovie3,1592324802760,29758000,...
busanmovie5,1592324802936,28844300,...
busanmovie1,1592324803100,28488500,...
busanmovie2,1592324803261,27136000,...
busanmovie4,1592324803424,28106800,...
busanmovie7,1592324803584,108625200,...
busanmovie3,1592324803818,33995600,...
busanmovie1,1592324804003,28278400,...
busanmovie6,1592324804180,103173100,...
busanmovie2,1592324804433,26662600,...
research10,1592324804615,27128000,...
busanmovie8,1592324804771,31860900,...
busanmovie3,1592324804947,30545800,...
busanmovie2,1592324805127,31504900,...
busanmovie9,1592324805303,31387500,...
busanmovie5,1592324805461,27877500,...
RecommendTour1,1592324805622,35797100,...
busanmovie4,1592324805803,30392200,...
busanmovie6,1592324805960,32245100,...
busanmovie5,1592324806130,30905200,...
busanmovie3,1592324806288,33425600,...
busanmovie2,1592324806465,32088700,...
busanmovie1,1592324806639,30272900,...
busanmovie5,1592324806817,32567700,...
research10,1592324806982,29523400,...
busanmovie7,1592324807139,32566600,...
busanmovie4,1592324807304,34677800,...
busanmovie1,1592324807463,30604100,...
busanmovie2,1592324807642,31724600,...
busanmovie4,1592324807809,63505200,...
busanmovie5,1592324808008,32751400,...
research10,1592324808176,31168700,...
busanmovie1,1592324808334,31345100,...
busanmovie2,1592324808496,32525600,...
busanmovie3,1592324808682,34264500,...
busanmovie5,1592324808847,32302000,...
busanmovie8,1592324809009,32369000,...
busanmovie1,1592324809162,32420000,...
busanmovie6,1592324809333,32312600,...
busanmovie2,1592324809492,33320800,...
busanmovie5,1592324809665,30184700,...
busanmovie3,1592324809846,31598800,...
busanmovie3,1592324810024,27193900,...
busanmovie2,1592324810189,32346400,...
busanplace,1592324810361,69156600,...
busanmovie5,1592324810556,33658200,...
busanmovie4,1592324810716,29028500,...
busanmovie4,1592324810875,34195800,...
busanmovie2,1592324811032,28033200,...
research10,1592324811195,29275300,...
busanmovie7,1592324811363,31667700,...
busanmovie3,1592324811521,30662900,...
busanmovie1,1592324811684,32528300,...
busanmovie6,1592324811855,30686900,...
busanmovie4,1592324812022,36346400,...
busanmovie5,1592324812201,31948400,...
busanmovie3,1592324812368,150067700,...
busanmovie1,1592324812655,29977400,...
busanmovie2,1592324812807,34944600,...
research10,1592324812978,31997500,...
busanmovie5,1592324813160,30738900,...
busanmovie4,1592324813324,31502500,...
busanmovie3,1592324813483,33851000,...
busanmovie6,1592324813645,31373200,...
busanmovie2,1592324813818,33529900,...
research10,1592324813988,33607900,...
busanmovie4,1592324814146,27196400,...
busanmovie4,1592324814303,30263300,...
busanmovie2,1592324814458,30564900,...
busanmovie2,1592324814616,31985900,...
busanmovie5,1592324814802,31245600,...
busanmovie3,1592324814954,30531600,...
busanmovie1,1592324815114,31495600,...
busanfestival,1592324815291,40614500,...
busanmovie2,1592324815462,33220200,...
busanmovie5,1592324815637,31544100,...
busanmovie5,1592324815794,31118300,...
busanmovie1,1592324815967,30297900,...
busanmovie6,1592324816136,30224400,...
busanmovie2,1592324816306,29516100,...
busanmovie4,1592324816481,36534200,...
research10,1592324816667,29158300,...
busanmovie3,1592324816834,29837500,...
busanmovie2,1592324817004,30095900,...
busanmovie7,1592324817176,33390100,...
busanmovie4,1592324817357,30551300,...
busanmovie5,1592324817527,32628800,...
busanmovie1,1592324817698,31790500,...
busanmovie2,1592324817865,29797200,...
busanmovie2,1592324818032,33315300,...
busanmovie3,1592324818189,33690600,...
busanmovie7,1592324818366,192472000,...
busanmovie1,1592324818680,32472000,...
busanmovie2,1592324818841,30131800,...
busanmovie7,1592324819005,32143500,...
busanmovie8,1592324819183,32713600,...
busanmovie4,1592324819350,32615000,...
busanmovie1,1592324819519,33580300,...
busanmovie6,1592324819686,126796900,...
busanmovie2,1592324819958,31518000,...
busanmovie3,1592324820123,29071700,...
busanmovie5,1592324820293,35036800,...
busanmovie3,1592324820478,30909500,...
busanmovie2,1592324820638,30368900,...
MusicDance1,1592324820797,122986600,...
busanmovie7,1592324821052,127449100,...
busanmovie3,1592324821313,32649000,...
busanmovie4,1592324821497,31188700,...
busanmovie6,1592324821661,106699600,...
busanmovie2,1592324821905,31092300,...
research10,1592324822079,31786100,...
busanmovie5,1592324822240,30639900,...
busanmovie1,1592324822426,32474300,...
busanmovie2,1592324822592,34308500,...
busanmovie3,1592324822757,149383000,...
RecommendTour1,1592324823059,34390100,...
busanmovie4,1592324823245,31446100,...
busanmovie1,1592324823413,30025500,...
busanmovie6,1592324823576,28273400,...
busanmovie3,1592324823731,144635400,...
busanmovie5,1592324824011,32680200,...
busanmovie2,1592324824170,31730900,...
busanmovie3,1592324824343,31364700,...
busanplace,1592324824501,69361600,...
busanmovie3,1592324824694,31094500,...
busanmovie7,1592324824860,32046400,...
busanmovie4,1592324825026,65810800,...
busanmovie1,1592324825224,31134900,...
busanmovie2,1592324825396,32646600,...
busanmovie5,1592324825556,32359300,...
busanmovie3,1592324825728,76241800,...
busanmovie4,1592324825941,29822300,...
busanmovie1,1592324826100,28954800,...
busanmovie2,1592324826265,31953900,...
busanmovie8,1592324826432,32985000,...
research10,1592324826601,30052000,...
busanmovie3,1592324826777,29833100,...
busanmovie1,1592324826933,31753600,...
busanmovie6,1592324827117,34524200,...
busanmovie2,1592324827279,31807400,...
busanmovie5,1592324827436,31813300,...
busanmovie4,1592324827601,62873000,...
busanmovie3,1592324827823,31334000,...
busanmovie2,1592324828009,33515000,...
MusicDance1,1592324828181,121488200,...
busanmovie5,1592324828438,34590100,...
busanmovie3,1592324828615,31506300,...
busanmovie4,1592324828783,33838100,...
busanmovie2,1592324828976,33093300,...
busanmovie9,1592324829143,31531500,...
busanmovie7,1592324829302,32556300,...
busanmovie4,1592324829481,33952600,...
busanmovie1,1592324829648,31819300,...
busanmovie6,1592324829807,27359600,...
busanmovie3,1592324829991,152464400,...
busanmovie5,1592324830277,32594000,...
busanmovie9,1592324830447,30367300,...
busanmovie1,1592324830609,30859900,...
busanmovie2,1592324830774,30557700,...
busanplace,1592324830939,71018200,...
research10,1592324831148,30798300,...
busanmovie3,1592324831317,74244300,...
busanmovie3,1592324831526,29318700,...
busanmovie6,1592324831697,30561000,...
busanmovie2,1592324831861,32025700,...
busanmovie5,1592324832029,32969200,...
busanmovie4,1592324832195,64022300,...
busanmovie1,1592324832392,32328100,...
busanmovie2,1592324832548,31457500,...
busanmovie2,1592324832709,35325200,...
busanmovie3,1592324832872,32954500,...
busanmovie5,1592324833029,35134300,...
busanmovie1,1592324833218,27581000,...
busanfestival,1592324833383,38793200,...
busanmovie2,1592324833565,32377200,...
busanmovie8,1592324833732,29506100,...
busanmovie5,1592324833887,33071300,...
busanmovie1,1592324834055,33155000,...
busanmovie6,1592324834215,31533200,...
busanmovie2,1592324834373,29823700,...
busanmovie3,1592324834553,27907300,...
research10,1592324834715,31780800,...
busanmovie3,1592324834897,31095800,...
busanmovie2,1592324835063,30835100,...
busanmovie7,1592324835232,31012700,...
busanmovie3,1592324835413,147271500,...
busanmovie4,1592324835688,35472500,...
busanmovie4,1592324835847,31554700,...
busanmovie2,1592324836014,33240500,...
busanmovie2,1592324836201,30931500,...
busanmovie3,1592324836381,27693900,...
busanmovie7,1592324836543,166828900,...
busanmovie1,1592324836846,30469100,...
busanmovie2,1592324837002,34171600,...
busanmovie7,1592324837182,33145800,...
busanmovie5,1592324837350,33805100,...
busanmovie5,1592324837515,33360800,...
busanmovie1,1592324837678,31735200,...
busanmovie6,1592324837837,111421400,...
busanmovie2,1592324838084,32999800,...
busanmovie4,1592324838247,32339000,...
busanmovie3,1592324838408,31685200,...
busanmovie3,1592324838586,26780600,...
busanmovie2,1592324838761,33765500,...
busanmovie5,1592324838947,30404100,...
busanmovie7,1592324839117,102144700,...
busanmovie8,1592324839360,28130600,...
busanmovie1,1592324839513,28974500,...
busanmovie6,1592324839664,110732800,...
busanmovie2,1592324839907,31255800,...
busanmovie3,1592324840089,77080600,...
busanmovie5,1592324840293,31439000,...
busanmovie1,1592324840466,30272300,...
busanmovie2,1592324840629,29988100,...
busanmovie5,1592324840793,31197100,...
busanmovie4,1592324840947,31416400,...
RecommendTour1,1592324841111,41183600,...
busanmovie1,1592324841290,32126300,...
busanmovie6,1592324841449,31832300,...
research10,1592324841607,31072700,...
busanmovie3,1592324841775,29723900,...
busanmovie2,1592324841932,31822900,...
busanmovie3,1592324842096,25498600,...
busanmovie4,1592324842255,32448000,...
busanmovie5,1592324842412,30727900,...
busanmovie7,1592324842586,28702400,...
busanmovie3,1592324842741,146450200,...
busanmovie4,1592324843027,34249200,...
busanmovie2,1592324843200,33255200,...
busanmovie5,1592324843389,32096000,...
busanmovie5,1592324843576,31388500,...
busanmovie3,1592324843736,31186700,...
busanmovie1,1592324843903,31821900,...
busanmovie2,1592324844073,32561100,...
busanmovie4,1592324844238,78874700,...
busanmovie3,1592324844445,30513800,...
busanmovie5,1592324844602,32426600,...
busanmovie1,1592324844782,29642000,...
busanmovie6,1592324844946,31658500,...
busanmovie2,1592324845101,30698900,...
busanmovie4,1592324845281,62447700,...
busanmovie3,1592324845474,30197100,...
busanmovie3,1592324845638,31398000,...
busanmovie2,1592324845819,28381300,...
busanmovie5,1592324845969,30300000,...
research10,1592324846147,30021200,...
busanmovie5,1592324846329,32214800,...
busanmovie1,1592324846499,31926100,...
busanmovie2,1592324846673,31811200,...
busanmovie4,1592324846848,27035600,...
busanmovie7,1592324847024,31313300,...
busanmovie3,1592324847196,31207400,...
busanmovie4,1592324847356,30625200,...
busanmovie6,1592324847536,29705700,...
busanmovie5,1592324847690,28490400,...
busanmovie4,1592324847861,31822500,...
research10,1592324848045,29546400,...
busanmovie3,1592324848226,27697700,...
busanmovie2,1592324848398,30516200,...
busanmovie5,1592324848562,31186700,...
busanmovie3,1592324848744,74708000,...
busanmovie5,1592324848953,29400000,...
busanmovie4,1592324849131,30674000,...
busanmovie6,1592324849301,30805000,...
busanmovie2,1592324849481,36578000,...
busanmovie5,1592324849646,32247000,...
busanmovie3,1592324849809,29600100,...
busanmovie4,1592324849986,30214700,...
busanmovie2,1592324850151,34213300,...
busanmovie2,1592324850321,35644300,...
busanmovie5,1592324850491,28680000,...
busanmovie3,1592324850660,31015800,...
busanmovie1,1592324850824,31842600,...
busanfestival,1592324850991,36771000,...
busanmovie2,1592324851178,29824000,...
busanmovie5,1592324851334,29728300,...
research10,1592324851488,30476700,...
busanmovie1,1592324851656,30437700,...
busanmovie6,1592324851821,29502000,...
busanmovie2,1592324851992,31718100,...
busanmovie5,1592324852163,59342600,...
busanmovie9,1592324852376,30617600,...
busanmovie4,1592324852538,43390800,...
busanmovie2,1592324852730,34865300,...
busanmovie7,1592324852889,30440600,...
busanmovie5,1592324853078,33426600,...
busanmovie3,1592324853247,29777900,...
busanmovie1,1592324853403,38580100,...
busanmovie2,1592324853573,33119600,...
busanmovie2,1592324853741,31570700,...
busanmovie5,1592324853895,29913600,...
busanmovie7,1592324854051,170260800,...
busanmovie1,1592324854352,30546000,...
busanmovie2,1592324854519,34822600,...
busanmovie7,1592324854685,32709900,...
busanmovie5,1592324854846,29456600,...
busanmovie4,1592324854996,31637200,...
busanmovie4,1592324855161,63508800,...
busanmovie6,1592324855367,122457400,...
busanmovie2,1592324855614,30695900,...
busanmovie5,1592324855773,28038600,...
busanmovie3,1592324855924,83470600,...
busanmovie1,1592324856136,29536800,...
busanmovie2,1592324856297,28290400,...
busanmovie3,1592324856448,30422500,...
busanmovie7,1592324856630,99030200,...
busanmovie5,1592324856869,34358000,...
busanmovie4,1592324857029,33186000,...
busanmovie6,1592324857195,100495900,...
busanmovie2,1592324857439,30130200,...
busanmovie5,1592324857597,27292100,...
research10,1592324857752,26222700,...
busanmovie1,1592324857919,27442000,...
busanmovie2,1592324858088,29803500,...
busanmovie5,1592324858248,26453100,...
RecommendTour1,1592324858405,30710200,...
busanmovie5,1592324858570,29459700,...
busanmovie1,1592324858738,28161500,...
busanmovie6,1592324858898,27443800,...
busanmovie5,1592324859061,27621500,...
busanmovie3,1592324859215,29178500,...
busanmovie2,1592324859393,25210400,...
busanmovie1,1592324859557,29517800,...
busanmovie4,1592324859715,27195700,...
busanmovie5,1592324859878,26709600,...
busanmovie7,1592324860040,26521300,...
busanmovie3,1592324860192,28214800,...
busanmovie4,1592324860360,76047700,...
busanmovie2,1592324860576,26373100,...
busanmovie4,1592324860737,69140500,...
busanmovie5,1592324860949,26732800,...
busanmovie3,1592324861103,117524200,...
busanmovie1,1592324861346,27026900,...
busanmovie2,1592324861519,30854800,...
busanmovie5,1592324861685,26762100,...
busanplace,1592324861847,67381100,...
busanmovie5,1592324862037,28822700,...
busanmovie1,1592324862205,27354900,...
busanmovie6,1592324862361,28376300,...
busanmovie2,1592324862534,31299200,...
busanmovie5,1592324862695,31119900,...
busanmovie8,1592324862862,26033300,...
busanmovie4,1592324863030,29409000,...
busanmovie2,1592324863199,27418300,...
busanmovie5,1592324863378,26751000,...
busanmovie3,1592324863548,28849500,...
busanmovie5,1592324863714,26496800,...
busanmovie1,1592324863880,28965400,...
busanmovie2,1592324864036,29007100,...
busanmovie5,1592324864208,28330600,...
busanmovie7,1592324864388,28386800,...
busanmovie3,1592324864558,29915300,...
busanmovie4,1592324864726,27381200,...
busanmovie6,1592324864884,29189000,...
busanmovie5,1592324865043,29277000,...
research10,1592324865216,27851200,...
busanmovie5,1592324865372,27888400,...
busanmovie1,1592324865525,24293400,...
busanmovie2,1592324865707,26838800,...
busanmovie5,1592324865861,27217900,...
busanmovie5,1592324866022,26227600,...
busanmovie3,1592324866186,28363900,...
busanmovie1,1592324866366,26500400,...
busanmovie6,1592324866541,27865900,...
busanmovie2,1592324866697,28073000,...
TouristAtt,1592324866865,34107600,...
busanmovie5,1592324867029,26744600,...
busanmovie1,1592324867191,28575100,...
busanmovie2,1592324867356,28138100,...
busanmovie2,1592324867518,30189300,...
busanmovie5,1592324867677,27299800,...
busanmovie3,1592324867831,27611500,...
busanmovie1,1592324868001,23713300,...
busanfestival,1592324868149,35499800,...
busanmovie2,1592324868335,26142100,...
busanmovie4,1592324868500,31020400,...
research10,1592324868669,26878400,...
busanmovie4,1592324868847,28117100,...
busanmovie6,1592324869001,30849000,...
busanmovie2,1592324869165,26403300,...
busanmovie5,1592324869339,27604500,...
research10,1592324869515,28359700,...
busanmovie4,1592324869680,57762000,...
busanmovie2,1592324869865,27817900,...
busanmovie7,1592324870022,26355500,...
busanmovie3,1592324870185,26705100,...
busanmovie5,1592324870344,27542800,...
busanmovie1,1592324870504,27458400,...
busanmovie2,1592324870678,27915400,...
busanmovie2,1592324870847,33867900,...
TouristAtt,1592324871005,36220200,...
busanmovie7,1592324871183,147490600,...
busanmovie1,1592324871459,26924000,...
busanmovie2,1592324871613,25627600,...
busanmovie7,1592324871790,27473200,...
busanmovie5,1592324871958,28998300,...
busanmovie3,1592324872136,119460800,...
busanmovie4,1592324872395,26052600,...
busanmovie6,1592324872551,106871800,...
busanmovie2,1592324872807,26218300,...
busanmovie4,1592324872979,57304700,...
busanmovie5,1592324873175,27046500,...
busanmovie1,1592324873323,28752800,...
busanmovie2,1592324873502,27071700,...
busanmovie3,1592324873664,27031900,...
busanmovie7,1592324873815,91590300,...
busanmovie9,1592324874059,27285000,...
busanmovie4,1592324874240,31085400,...
busanmovie6,1592324874427,96494900,...
busanmovie2,1592324874653,31151200,...
research10,1592324874817,24983300,...
busanmovie3,1592324874988,28154600,...
busanmovie1,1592324875158,29016000,...
busanmovie2,1592324875320,27907800,...
busanmovie4,1592324875499,28733800,...
busanmovie5,1592324875666,27837700,...
RecommendTour1,1592324875828,28320700,...
busanmovie1,1592324876008,25263500,...
busanmovie6,1592324876169,28960900,...
busanmovie5,1592324876324,27603600,...
busanmovie9,1592324876483,23272300,...
busanmovie2,1592324876665,30815200,...
busanmovie4,1592324876850,29874800,...
busanmovie5,1592324877005,36370500,...
research10,1592324877170,25284400,...
busanmovie7,1592324877316,27120200,...
busanmovie3,1592324877497,26696400,...
busanmovie1,1592324877664,27594500,...
busanmovie2,1592324877849,29118600,...
busanmovie4,1592324878033,27599600,...
busanmovie5,1592324878184,27886300,...
research10,1592324878349,27381000,...
busanmovie1,1592324878528,27262700,...
busanmovie2,1592324878689,28432300,...
busanmovie8,1592324878850,29932200,...
busanmovie5,1592324879034,29057000,...
busanmovie3,1592324879195,23510300,...
busanmovie1,1592324879356,27391700,...
busanmovie6,1592324879507,28848700,...
busanmovie2,1592324879687,26715200,...
busanmovie5,1592324879839,27959000,...
busanmovie9,1592324880001,29701400,...
busanmovie1,1592324880169,28242900,...
busanmovie2,1592324880343,28283500,...
busanplace,1592324880512,66706800,...
busanmovie5,1592324880702,28658100,...
busanmovie3,1592324880866,72910600,...
busanmovie4,1592324881083,28638400,...
busanmovie2,1592324881257,31259200,...
research10,1592324881425,26722300,...
busanmovie7,1592324881601,29170400,...
busanmovie3,1592324881759,124436000,...
busanmovie1,1592324882013,34317100,...
busanmovie6,1592324882169,30937100,...
busanmovie4,1592324882333,28782000,...
busanmovie5,1592324882503,30895700,...
busanmovie3,1592324882667,33479200,...
busanmovie4,1592324882832,31088400,...
busanmovie2,1592324883024,33342600,...
research10,1592324883185,31458300,...
busanmovie5,1592324883350,31817900,...
busanmovie8,1592324883508,106942700,...
